slice,pattern_id,cfu_id,ratio,coverage,output
1,302,4,1.44189565909996,0.9247311827956989,/home/cyf/wbi/wbi_code/experiments/motion_pattern_cfu_association/03_cfu_pattern_spatial_overlap/figures/couple_overlays/slice01/P302_CFU004.png
1,314,4,1.423415631388583,0.9179116213241075,/home/cyf/wbi/wbi_code/experiments/motion_pattern_cfu_association/03_cfu_pattern_spatial_overlap/figures/couple_overlays/slice01/P314_CFU004.png
1,168,2,2.939799331103679,0.725752508361204,/home/cyf/wbi/wbi_code/experiments/motion_pattern_cfu_association/03_cfu_pattern_spatial_overlap/figures/couple_overlays/slice01/P168_CFU002.png
1,248,4,1.5934336766129742,0.6499427867265205,/home/cyf/wbi/wbi_code/experiments/motion_pattern_cfu_association/03_cfu_pattern_spatial_overlap/figures/couple_overlays/slice01/P248_CFU004.png
1,68,1,1.5847953216374269,0.6432748538011696,/home/cyf/wbi/wbi_code/experiments/motion_pattern_cfu_association/03_cfu_pattern_spatial_overlap/figures/couple_overlays/slice01/P068_CFU001.png
1,158,2,2.3578595317725752,0.5317725752508361,/home/cyf/wbi/wbi_code/experiments/motion_pattern_cfu_association/03_cfu_pattern_spatial_overlap/figures/couple_overlays/slice01/P158_CFU002.png
2,26,3,2.9080779944289694,0.9220055710306406,/home/cyf/wbi/wbi_code/experiments/motion_pattern_cfu_association/03_cfu_pattern_spatial_overlap/figures/couple_overlays/slice02/P026_CFU003.png
2,309,7,1.6997877286970586,0.9173152734256546,/home/cyf/wbi/wbi_code/experiments/motion_pattern_cfu_association/03_cfu_pattern_spatial_overlap/figures/couple_overlays/slice02/P309_CFU007.png
2,305,7,1.8546376971434875,0.899194882541083,/home/cyf/wbi/wbi_code/experiments/motion_pattern_cfu_association/03_cfu_pattern_spatial_overlap/figures/couple_overlays/slice02/P305_CFU007.png
2,95,67,2.492957746478873,0.8309859154929577,/home/cyf/wbi/wbi_code/experiments/motion_pattern_cfu_association/03_cfu_pattern_spatial_overlap/figures/couple_overlays/slice02/P095_CFU067.png
2,302,7,1.6968718466195762,0.8209889001009082,/home/cyf/wbi/wbi_code/experiments/motion_pattern_cfu_association/03_cfu_pattern_spatial_overlap/figures/couple_overlays/slice02/P302_CFU007.png
2,26,53,2.0551181102362204,0.7952755905511811,/home/cyf/wbi/wbi_code/experiments/motion_pattern_cfu_association/03_cfu_pattern_spatial_overlap/figures/couple_overlays/slice02/P026_CFU053.png
2,137,1,1.8525641025641026,0.717948717948718,/home/cyf/wbi/wbi_code/experiments/motion_pattern_cfu_association/03_cfu_pattern_spatial_overlap/figures/couple_overlays/slice02/P137_CFU001.png
2,138,1,2.2724358974358974,0.6346153846153846,/home/cyf/wbi/wbi_code/experiments/motion_pattern_cfu_association/03_cfu_pattern_spatial_overlap/figures/couple_overlays/slice02/P138_CFU001.png
2,138,2,2.387205387205387,0.6296296296296297,/home/cyf/wbi/wbi_code/experiments/motion_pattern_cfu_association/03_cfu_pattern_spatial_overlap/figures/couple_overlays/slice02/P138_CFU002.png
2,11,53,2.9195402298850577,0.603448275862069,/home/cyf/wbi/wbi_code/experiments/motion_pattern_cfu_association/03_cfu_pattern_spatial_overlap/figures/couple_overlays/slice02/P011_CFU053.png
2,108,53,1.2270531400966183,0.5603864734299517,/home/cyf/wbi/wbi_code/experiments/motion_pattern_cfu_association/03_cfu_pattern_spatial_overlap/figures/couple_overlays/slice02/P108_CFU053.png
2,108,3,1.1532033426183843,0.5125348189415042,/home/cyf/wbi/wbi_code/experiments/motion_pattern_cfu_association/03_cfu_pattern_spatial_overlap/figures/couple_overlays/slice02/P108_CFU003.png
2,58,76,1.6938775510204083,0.5102040816326531,/home/cyf/wbi/wbi_code/experiments/motion_pattern_cfu_association/03_cfu_pattern_spatial_overlap/figures/couple_overlays/slice02/P058_CFU076.png
3,221,47,1.8352223190932868,0.9084568439407149,/home/cyf/wbi/wbi_code/experiments/motion_pattern_cfu_association/03_cfu_pattern_spatial_overlap/figures/couple_overlays/slice03/P221_CFU047.png
3,145,47,1.9947826086956522,0.8556521739130435,/home/cyf/wbi/wbi_code/experiments/motion_pattern_cfu_association/03_cfu_pattern_spatial_overlap/figures/couple_overlays/slice03/P145_CFU047.png
3,181,6,2.0216216216216214,0.7837837837837838,/home/cyf/wbi/wbi_code/experiments/motion_pattern_cfu_association/03_cfu_pattern_spatial_overlap/figures/couple_overlays/slice03/P181_CFU006.png
3,39,53,2.45,0.725,/home/cyf/wbi/wbi_code/experiments/motion_pattern_cfu_association/03_cfu_pattern_spatial_overlap/figures/couple_overlays/slice03/P039_CFU053.png
3,180,47,1.6721883173496077,0.5815170008718396,/home/cyf/wbi/wbi_code/experiments/motion_pattern_cfu_association/03_cfu_pattern_spatial_overlap/figures/couple_overlays/slice03/P180_CFU047.png
4,343,10,2.9780712683777724,0.8759033142287566,/home/cyf/wbi/wbi_code/experiments/motion_pattern_cfu_association/03_cfu_pattern_spatial_overlap/figures/couple_overlays/slice04/P343_CFU010.png
4,134,51,2.0384615384615383,0.6730769230769231,/home/cyf/wbi/wbi_code/experiments/motion_pattern_cfu_association/03_cfu_pattern_spatial_overlap/figures/couple_overlays/slice04/P134_CFU051.png
4,333,10,1.1818631329113924,0.6489319620253164,/home/cyf/wbi/wbi_code/experiments/motion_pattern_cfu_association/03_cfu_pattern_spatial_overlap/figures/couple_overlays/slice04/P333_CFU010.png
4,322,10,1.1117209302325581,0.645953488372093,/home/cyf/wbi/wbi_code/experiments/motion_pattern_cfu_association/03_cfu_pattern_spatial_overlap/figures/couple_overlays/slice04/P322_CFU010.png
4,236,9,2.2444444444444445,0.6370370370370371,/home/cyf/wbi/wbi_code/experiments/motion_pattern_cfu_association/03_cfu_pattern_spatial_overlap/figures/couple_overlays/slice04/P236_CFU009.png
4,239,3,1.5555555555555556,0.6172839506172839,/home/cyf/wbi/wbi_code/experiments/motion_pattern_cfu_association/03_cfu_pattern_spatial_overlap/figures/couple_overlays/slice04/P239_CFU003.png
4,171,9,1.3037037037037038,0.5777777777777777,/home/cyf/wbi/wbi_code/experiments/motion_pattern_cfu_association/03_cfu_pattern_spatial_overlap/figures/couple_overlays/slice04/P171_CFU009.png
4,34,15,2.1375,0.5625,/home/cyf/wbi/wbi_code/experiments/motion_pattern_cfu_association/03_cfu_pattern_spatial_overlap/figures/couple_overlays/slice04/P034_CFU015.png
4,338,10,1.0279545845518665,0.5322552898675382,/home/cyf/wbi/wbi_code/experiments/motion_pattern_cfu_association/03_cfu_pattern_spatial_overlap/figures/couple_overlays/slice04/P338_CFU010.png
4,121,3,2.4705882352941178,0.5098039215686274,/home/cyf/wbi/wbi_code/experiments/motion_pattern_cfu_association/03_cfu_pattern_spatial_overlap/figures/couple_overlays/slice04/P121_CFU003.png
5,166,56,1.981818181818182,0.8181818181818182,/home/cyf/wbi/wbi_code/experiments/motion_pattern_cfu_association/03_cfu_pattern_spatial_overlap/figures/couple_overlays/slice05/P166_CFU056.png
5,311,7,2.389061224489796,0.7645714285714286,/home/cyf/wbi/wbi_code/experiments/motion_pattern_cfu_association/03_cfu_pattern_spatial_overlap/figures/couple_overlays/slice05/P311_CFU007.png
5,7,75,2.5652173913043477,0.7282608695652174,/home/cyf/wbi/wbi_code/experiments/motion_pattern_cfu_association/03_cfu_pattern_spatial_overlap/figures/couple_overlays/slice05/P007_CFU075.png
5,159,4,2.5955882352941178,0.7279411764705882,/home/cyf/wbi/wbi_code/experiments/motion_pattern_cfu_association/03_cfu_pattern_spatial_overlap/figures/couple_overlays/slice05/P159_CFU004.png
5,33,11,1.5245901639344261,0.6557377049180327,/home/cyf/wbi/wbi_code/experiments/motion_pattern_cfu_association/03_cfu_pattern_spatial_overlap/figures/couple_overlays/slice05/P033_CFU011.png
5,41,11,1.8524590163934427,0.5901639344262295,/home/cyf/wbi/wbi_code/experiments/motion_pattern_cfu_association/03_cfu_pattern_spatial_overlap/figures/couple_overlays/slice05/P041_CFU011.png
5,109,3,1.1617021276595745,0.5574468085106383,/home/cyf/wbi/wbi_code/experiments/motion_pattern_cfu_association/03_cfu_pattern_spatial_overlap/figures/couple_overlays/slice05/P109_CFU003.png
5,57,11,2.2950819672131146,0.5409836065573771,/home/cyf/wbi/wbi_code/experiments/motion_pattern_cfu_association/03_cfu_pattern_spatial_overlap/figures/couple_overlays/slice05/P057_CFU011.png
5,23,11,1.9508196721311475,0.5081967213114754,/home/cyf/wbi/wbi_code/experiments/motion_pattern_cfu_association/03_cfu_pattern_spatial_overlap/figures/couple_overlays/slice05/P023_CFU011.png
6,31,11,2.039772727272727,0.8068181818181818,/home/cyf/wbi/wbi_code/experiments/motion_pattern_cfu_association/03_cfu_pattern_spatial_overlap/figures/couple_overlays/slice06/P031_CFU011.png
6,316,2,1.6413581300119433,0.7445828356935676,/home/cyf/wbi/wbi_code/experiments/motion_pattern_cfu_association/03_cfu_pattern_spatial_overlap/figures/couple_overlays/slice06/P316_CFU002.png
6,317,2,1.375051975051975,0.6166320166320166,/home/cyf/wbi/wbi_code/experiments/motion_pattern_cfu_association/03_cfu_pattern_spatial_overlap/figures/couple_overlays/slice06/P317_CFU002.png
6,187,32,1.5304878048780488,0.6036585365853658,/home/cyf/wbi/wbi_code/experiments/motion_pattern_cfu_association/03_cfu_pattern_spatial_overlap/figures/couple_overlays/slice06/P187_CFU032.png
6,228,28,1.7954545454545454,0.5909090909090909,/home/cyf/wbi/wbi_code/experiments/motion_pattern_cfu_association/03_cfu_pattern_spatial_overlap/figures/couple_overlays/slice06/P228_CFU028.png
6,291,2,1.5112266112266113,0.5547817047817047,/home/cyf/wbi/wbi_code/experiments/motion_pattern_cfu_association/03_cfu_pattern_spatial_overlap/figures/couple_overlays/slice06/P291_CFU002.png
6,298,2,1.2695426195426196,0.5510395010395011,/home/cyf/wbi/wbi_code/experiments/motion_pattern_cfu_association/03_cfu_pattern_spatial_overlap/figures/couple_overlays/slice06/P298_CFU002.png
7,185,9,2.4761904761904763,0.7891156462585034,/home/cyf/wbi/wbi_code/experiments/motion_pattern_cfu_association/03_cfu_pattern_spatial_overlap/figures/couple_overlays/slice07/P185_CFU009.png
7,70,50,2.515625,0.609375,/home/cyf/wbi/wbi_code/experiments/motion_pattern_cfu_association/03_cfu_pattern_spatial_overlap/figures/couple_overlays/slice07/P070_CFU050.png
