slice,pattern_id,cfu_id,ratio,coverage,selected
1,125,21,27.166666666666668,1.0,False
1,126,12,58.15,1.0,False
1,126,35,29.82051282051282,1.0,False
1,126,45,35.24242424242424,1.0,False
1,151,21,21.88095238095238,1.0,False
1,152,12,75.0,1.0,False
1,152,15,40.54054054054054,1.0,False
1,190,14,12.842105263157896,1.0,False
1,190,34,71.76470588235294,1.0,False
1,248,39,218.48076923076923,1.0,False
1,190,11,13.406593406593407,0.989010989010989,False
1,255,39,91.92307692307692,0.9807692307692307,False
1,293,39,77.73076923076923,0.9807692307692307,False
1,126,15,31.43243243243243,0.972972972972973,False
1,151,14,9.673684210526316,0.968421052631579,False
1,126,47,24.229166666666668,0.9583333333333334,False
1,68,12,13.55,0.95,False
1,151,11,10.098901098901099,0.945054945054945,False
1,319,4,5.484095728567101,0.9409269918206604,False
1,286,4,3.7785431016489253,0.9352953454393654,False
1,285,4,3.3818419577806837,0.9320007472445357,False
1,302,4,1.44189565909996,0.9247311827956989,True
1,314,4,1.423415631388583,0.9179116213241075,True
1,190,46,13.555555555555555,0.9111111111111111,False
1,126,3,6.461111111111111,0.9055555555555556,False
1,315,4,3.155481959212132,0.9027366219278369,False
1,126,1,6.8011695906432745,0.9005847953216374,False
1,152,3,8.333333333333334,0.8888888888888888,False
1,190,21,29.047619047619047,0.8809523809523809,False
1,182,2,3.3444816053511706,0.8528428093645485,False
1,125,54,24.27659574468085,0.8297872340425532,False
1,190,54,25.95744680851064,0.8297872340425532,False
1,255,6,5.235487404162103,0.8148959474260679,False
1,248,48,97.1025641025641,0.8034188034188035,False
1,152,1,8.771929824561404,0.8011695906432749,False
1,255,24,11.979949874686717,0.7894736842105263,False
1,248,24,28.473684210526315,0.7593984962406015,False
1,248,6,12.443592552026287,0.7590361445783133,False
1,152,47,31.25,0.75,False
1,255,27,25.425531914893618,0.75,False
1,293,20,19.52657004830918,0.7439613526570048,False
1,68,35,6.948717948717949,0.7435897435897436,False
1,255,48,40.85470085470085,0.7350427350427351,False
1,293,6,4.427163198247536,0.7283680175246441,False
1,168,2,2.939799331103679,0.725752508361204,True
1,248,27,60.430851063829785,0.7180851063829787,False
1,152,35,38.46153846153846,0.717948717948718,False
1,33,6,11.857142857142858,0.7142857142857143,False
1,293,48,34.547008547008545,0.7094017094017094,False
1,152,14,15.789473684210526,0.7052631578947368,False
1,152,46,16.666666666666668,0.6555555555555556,False
1,293,24,10.130325814536342,0.6516290726817042,False
1,248,4,1.5934336766129742,0.6499427867265205,True
1,68,1,1.5847953216374269,0.6432748538011696,True
1,168,21,20.928571428571427,0.6428571428571429,False
1,152,45,45.45454545454545,0.6363636363636364,False
1,28,2,3.4367816091954024,0.6206896551724138,False
1,293,38,12.71069182389937,0.559748427672956,False
1,248,38,35.72641509433962,0.5566037735849056,False
1,158,2,2.3578595317725752,0.5317725752508361,True
1,182,21,23.80952380952381,0.5238095238095238,False
1,151,2,3.0735785953177257,0.47491638795986624,False
1,125,11,12.538461538461538,0.4725274725274725,False
1,255,38,15.031446540880504,0.4339622641509434,False
1,152,30,71.42857142857143,0.42857142857142855,False
1,255,20,23.091787439613526,0.4251207729468599,False
1,152,2,5.016722408026756,0.4180602006688963,False
1,293,27,21.5,0.4148936170212766,False
1,126,2,3.8896321070234112,0.39464882943143814,False
1,70,2,2.214814814814815,0.3925925925925926,False
1,152,11,16.483516483516482,0.38461538461538464,False
1,208,14,7.968421052631579,0.37894736842105264,False
1,151,46,10.21111111111111,0.36666666666666664,False
1,248,20,54.88405797101449,0.36231884057971014,False
1,208,34,44.529411764705884,0.35294117647058826,False
1,182,15,27.027027027027028,0.35135135135135137,False
1,293,4,4.4787234042553195,0.3401781296387927,False
1,255,4,3.7872384937238492,0.3286610878661088,False
1,151,54,19.5531914893617,0.3191489361702128,False
1,293,8,21.273684210526316,0.3157894736842105,False
1,125,14,12.010526315789473,0.30526315789473685,False
1,255,13,43.06306306306306,0.2972972972972973,False
1,158,21,16.785714285714285,0.2857142857142857,False
1,248,33,93.89256198347107,0.2809917355371901,False
1,182,46,11.11111111111111,0.25555555555555554,False
1,293,13,36.414414414414416,0.24324324324324326,False
1,24,30,2.9047619047619047,0.23809523809523808,False
1,168,46,9.766666666666667,0.23333333333333334,False
1,302,38,39.4811320754717,0.23270440251572327,False
1,152,54,31.914893617021278,0.2127659574468085,False
1,24,22,1.5081967213114753,0.19672131147540983,False
1,64,45,2.0,0.18181818181818182,False
1,68,45,8.212121212121213,0.18181818181818182,False
1,125,34,67.11764705882354,0.17647058823529413,False
1,314,38,39.9937106918239,0.16981132075471697,False
1,27,2,1.1412213740458015,0.16412213740458015,False
1,126,30,55.38095238095238,0.14285714285714285,False
1,293,33,33.40495867768595,0.11570247933884298,False
1,68,47,5.645833333333333,0.10416666666666667,False
1,158,11,7.747252747252747,0.0989010989010989,False
1,165,2,1.15,0.09615384615384616,False
1,190,2,4.080267558528428,0.0903010033444816,False
1,64,1,2.590909090909091,0.07575757575757576,False
1,255,33,39.50413223140496,0.0743801652892562,False
1,125,46,12.677777777777777,0.06666666666666667,False
1,158,54,15.0,0.06382978723404255,False
1,168,54,18.70212765957447,0.06382978723404255,False
1,293,41,84.20833333333333,0.0625,False
1,151,34,54.05882352941177,0.058823529411764705,False
1,255,8,25.157894736842106,0.05789473684210526,False
1,182,3,5.555555555555555,0.05555555555555555,False
1,293,37,63.15625,0.046875,False
1,64,3,2.727272727272727,0.045454545454545456,False
1,168,11,9.659340659340659,0.04395604395604396,False
1,125,4,15.865907099035933,0.04294478527607362,False
1,33,13,1.4415584415584415,0.03896103896103896,False
1,33,24,5.181818181818182,0.03896103896103896,False
1,125,43,14.2625,0.0375,False
1,158,15,19.054054054054053,0.02702702702702703,False
1,165,4,69.62692307692308,0.026923076923076925,False
1,208,4,23.914134742404226,0.02509907529722589,False
1,248,43,142.0125,0.025,False
1,27,21,6.238095238095238,0.023809523809523808,False
1,208,11,8.31868131868132,0.02197802197802198,False
1,152,22,16.304347826086957,0.021739130434782608,False
1,182,54,21.27659574468085,0.02127659574468085,False
1,158,46,7.833333333333333,0.011111111111111112,False
1,248,13,102.35135135135135,0.009009009009009009,False
1,248,8,59.794736842105266,0.005263157894736842,False
2,26,48,27.473684210526315,1.0,False
2,72,43,118.0625,1.0,False
2,72,48,49.71052631578947,1.0,False
2,72,74,67.46428571428571,1.0,False
2,95,48,4.657894736842105,1.0,False
2,138,23,41.705882352941174,1.0,False
2,138,72,19.16216216216216,1.0,False
2,181,43,20.4375,1.0,False
2,186,72,33.567567567567565,1.0,False
2,186,74,44.357142857142854,1.0,False
2,72,2,6.36026936026936,0.9730639730639731,False
2,72,45,29.515625,0.96875,False
2,186,1,3.980769230769231,0.9391025641025641,False
2,138,43,44.3125,0.9375,False
2,186,2,4.181818181818182,0.936026936026936,False
2,277,7,3.63746484966472,0.9346744538178672,False
2,275,7,3.2690513219284605,0.9265163297045101,False
2,26,3,2.9080779944289694,0.9220055710306406,True
2,137,72,15.621621621621621,0.918918918918919,False
2,309,7,1.6997877286970586,0.9173152734256546,True
2,305,7,1.8546376971434875,0.899194882541083,True
2,108,48,10.894736842105264,0.8947368421052632,False
2,291,7,3.9501996711299037,0.8935870331219169,False
2,72,3,5.26183844011142,0.8885793871866295,False
2,26,45,16.3125,0.875,False
2,72,53,3.718503937007874,0.8720472440944882,False
2,108,45,6.46875,0.859375,False
2,26,67,14.704225352112676,0.8591549295774648,False
2,72,67,26.6056338028169,0.8450704225352113,False
2,95,67,2.492957746478873,0.8309859154929577,True
2,113,23,6.0,0.8235294117647058,False
2,186,23,73.05882352941177,0.8235294117647058,False
2,302,7,1.6968718466195762,0.8209889001009082,True
2,137,43,36.125,0.8125,False
2,186,43,77.625,0.8125,False
2,26,53,2.0551181102362204,0.7952755905511811,True
2,181,74,11.678571428571429,0.7857142857142857,False
2,108,67,5.830985915492958,0.7605633802816901,False
2,137,1,1.8525641025641026,0.717948717948718,True
2,195,74,13.928571428571429,0.7142857142857143,False
2,72,23,111.11764705882354,0.7058823529411765,False
2,72,72,51.054054054054056,0.7027027027027027,False
2,72,1,6.05448717948718,0.6762820512820513,False
2,26,10,6.069767441860465,0.6569767441860465,False
2,138,1,2.2724358974358974,0.6346153846153846,True
2,138,2,2.387205387205387,0.6296296296296297,True
2,113,43,6.375,0.625,False
2,72,21,23.320987654320987,0.6172839506172839,False
2,11,53,2.9195402298850577,0.603448275862069,True
2,40,53,3.320261437908497,0.6013071895424836,False
2,181,23,19.235294117647058,0.5882352941176471,False
2,26,29,17.4,0.5833333333333334,False
2,108,53,1.2270531400966183,0.5603864734299517,True
2,154,1,4.333333333333333,0.5416666666666666,False
2,108,3,1.1532033426183843,0.5125348189415042,True
2,58,76,1.6938775510204083,0.5102040816326531,True
2,30,53,4.747663551401869,0.4953271028037383,False
2,195,1,1.25,0.4166666666666667,False
2,95,53,2.8700564971751414,0.4067796610169492,False
2,40,45,2.390625,0.40625,False
2,40,3,2.34640522875817,0.38562091503267976,False
2,26,21,12.88888888888889,0.38271604938271603,False
2,11,3,2.0632183908045976,0.3735632183908046,False
2,181,2,1.101010101010101,0.36363636363636365,False
2,40,21,1.8888888888888888,0.35802469135802467,False
2,72,29,31.483333333333334,0.3333333333333333,False
2,137,2,1.9461279461279462,0.3333333333333333,False
2,195,2,1.3131313131313131,0.31986531986531985,False
2,72,10,10.982558139534884,0.31976744186046513,False
2,30,3,3.3551401869158877,0.3177570093457944,False
2,95,3,2.0282485875706215,0.3107344632768362,False
2,186,53,2.4448818897637796,0.27755905511811024,False
2,108,21,5.111111111111111,0.24691358024691357,False
2,11,21,2.1481481481481484,0.2222222222222222,False
2,181,1,1.0480769230769231,0.20192307692307693,False
2,26,28,7.352112676056338,0.18309859154929578,False
2,30,45,1.671875,0.171875,False
2,186,3,3.4596100278551534,0.1671309192200557,False
2,302,41,381.15384615384613,0.15384615384615385,False
2,95,7,95.00564971751412,0.15254237288135594,False
2,30,21,1.3209876543209877,0.14814814814814814,False
2,138,21,8.753086419753087,0.14814814814814814,False
2,113,1,3.0588235294117645,0.14705882352941177,False
2,11,45,2.71875,0.140625,False
2,186,21,15.333333333333334,0.12345679012345678,False
2,108,7,40.61835748792271,0.12077294685990338,False
2,26,22,18.0,0.1206896551724138,False
2,195,23,22.941176470588236,0.11764705882352941,False
2,95,45,2.765625,0.109375,False
2,181,72,8.837837837837839,0.10810810810810811,False
2,138,74,25.321428571428573,0.10714285714285714,False
2,58,58,4.368421052631579,0.10526315789473684,False
2,26,2,3.515151515151515,0.10437710437710437,False
2,26,35,28.216216216216218,0.08108108108108109,False
2,138,53,1.3956692913385826,0.07480314960629922,False
2,137,53,1.1377952755905512,0.06299212598425197,False
2,26,7,16.10727969348659,0.05076628352490421,False
2,72,7,8.902064584436209,0.039174166225516144,False
2,137,74,20.642857142857142,0.03571428571428571,False
2,72,28,13.30281690140845,0.035211267605633804,False
2,186,67,17.492957746478872,0.028169014084507043,False
2,181,53,1.5535168195718654,0.009174311926605505,False
3,34,52,32.333333333333336,1.0,False
3,34,70,20.972972972972972,1.0,False
3,61,52,7.083333333333333,1.0,False
3,145,76,16.91176470588235,1.0,False
3,180,14,24.90909090909091,1.0,False
3,180,29,33.06896551724138,1.0,False
3,180,52,79.91666666666667,1.0,False
3,180,53,47.95,1.0,False
3,180,60,51.83783783783784,1.0,False
3,180,95,106.55555555555556,1.0,False
3,181,52,15.583333333333334,1.0,False
3,202,29,13.293103448275861,1.0,False
3,202,52,32.125,1.0,False
3,202,95,42.833333333333336,1.0,False
3,221,7,19.672897196261683,1.0,False
3,221,20,37.589285714285715,1.0,False
3,221,31,95.68181818181819,1.0,False
3,221,33,25.670731707317074,1.0,False
3,221,43,24.476744186046513,1.0,False
3,221,52,87.70833333333333,1.0,False
3,221,53,52.625,1.0,False
3,221,60,56.891891891891895,1.0,False
3,221,69,95.68181818181819,1.0,False
3,221,76,61.911764705882355,1.0,False
3,221,2,6.066282420749279,0.9884726224783862,False
3,221,14,27.337662337662337,0.987012987012987,False
3,221,1,11.256684491978609,0.9732620320855615,False
3,97,47,5.678217821782178,0.9653465346534653,False
3,221,13,15.143884892086332,0.9496402877697842,False
3,181,95,20.77777777777778,0.9444444444444444,False
3,39,47,11.704081632653061,0.9387755102040817,False
3,180,13,13.798561151079136,0.920863309352518,False
3,221,47,1.8352223190932868,0.9084568439407149,True
3,145,33,7.012195121951219,0.9024390243902439,False
3,322,12,22.490066225165563,0.9019867549668874,False
3,34,43,9.023255813953488,0.8953488372093024,False
3,180,6,10.367567567567567,0.8810810810810811,False
3,98,47,12.073684210526316,0.8736842105263158,False
3,180,42,19.18,0.86,False
3,145,47,1.9947826086956522,0.8556521739130435,True
3,180,70,51.83783783783784,0.8378378378378378,False
3,202,42,7.71,0.83,False
3,34,6,4.194594594594594,0.8216216216216217,False
3,34,42,7.76,0.82,False
3,180,1,10.256684491978609,0.8074866310160428,False
3,90,17,7.333333333333333,0.8,False
3,97,76,5.9411764705882355,0.7941176470588235,False
3,181,6,2.0216216216216214,0.7837837837837838,True
3,90,23,3.3333333333333335,0.7651515151515151,False
3,79,47,11.704081632653061,0.7551020408163265,False
3,34,17,12.933333333333334,0.75,False
3,221,6,11.378378378378379,0.7297297297297297,False
3,39,53,2.45,0.725,True
3,180,33,23.390243902439025,0.6829268292682927,False
3,90,70,11.891891891891891,0.6756756756756757,False
3,202,6,4.167567567567567,0.6702702702702703,False
3,202,70,20.83783783783784,0.6486486486486487,False
3,180,43,22.302325581395348,0.6395348837209303,False
3,16,5,4.686746987951807,0.5903614457831325,False
3,180,47,1.6721883173496077,0.5815170008718396,True
3,145,1,3.0748663101604277,0.5668449197860963,False
3,181,29,6.448275862068965,0.5344827586206896,False
3,90,42,4.4,0.51,False
3,97,20,3.607142857142857,0.5,False
3,34,29,13.379310344827585,0.4827586206896552,False
3,145,20,10.267857142857142,0.48214285714285715,False
3,180,76,56.411764705882355,0.47058823529411764,False
3,39,1,1.9081632653061225,0.46938775510204084,False
3,145,7,5.373831775700935,0.4672897196261682,False
3,145,53,14.375,0.45,False
3,145,43,6.686046511627907,0.43023255813953487,False
3,79,2,3.5408163265306123,0.41836734693877553,False
3,34,1,4.149732620320855,0.41711229946524064,False
3,180,17,31.966666666666665,0.4166666666666667,False
3,97,33,2.4634146341463414,0.4146341463414634,False
3,34,53,19.4,0.4,False
3,180,93,32.50847457627118,0.3898305084745763,False
3,180,2,5.527377521613833,0.3688760806916426,False
3,202,17,12.85,0.36666666666666664,False
3,180,7,17.925233644859812,0.2897196261682243,False
3,145,2,1.6570605187319885,0.2881844380403458,False
3,98,2,3.6526315789473682,0.28421052631578947,False
3,221,39,18.464912280701753,0.2807017543859649,False
3,202,93,13.067796610169491,0.2711864406779661,False
3,181,43,4.348837209302325,0.23255813953488372,False
3,61,6,1.088235294117647,0.22941176470588234,False
3,61,29,2.9310344827586206,0.22413793103448276,False
3,34,47,1.4780927835051547,0.21649484536082475,False
3,97,1,1.0802139037433156,0.21390374331550802,False
3,90,28,2.857142857142857,0.2077922077922078,False
3,61,70,4.594594594594595,0.1891891891891892,False
3,90,19,5.365853658536586,0.18292682926829268,False
3,34,95,43.111111111111114,0.16666666666666666,False
3,181,1,2.0,0.1657754010695187,False
3,61,17,2.8333333333333335,0.15,False
3,181,47,3.0668449197860963,0.1497326203208556,False
3,98,76,2.7941176470588234,0.14705882352941177,False
3,98,1,1.9684210526315788,0.1368421052631579,False
3,202,60,20.83783783783784,0.13513513513513514,False
3,97,53,5.05,0.125,False
3,221,29,36.293103448275865,0.1206896551724138,False
3,79,1,1.9081632653061225,0.10204081632653061,False
3,180,39,16.82456140350877,0.08771929824561403,False
3,202,13,5.546762589928058,0.08633093525179857,False
3,61,42,1.7,0.07,False
3,180,20,34.25,0.05357142857142857,False
3,202,1,4.122994652406417,0.053475935828877004,False
3,34,14,10.077922077922079,0.05194805194805195,False
3,79,39,1.163265306122449,0.05102040816326531,False
3,145,39,5.043859649122807,0.043859649122807015,False
3,97,39,1.7719298245614035,0.03508771929824561,False
3,202,47,1.4876783398184177,0.03372243839169909,False
3,34,23,5.878787878787879,0.030303030303030304,False
3,79,7,1.0918367346938775,0.02040816326530612,False
3,181,42,3.74,0.02,False
3,97,2,1.7178217821782178,0.019801980198019802,False
3,61,47,6.747058823529412,0.01764705882352941,False
3,90,47,2.606818181818182,0.013636363636363636,False
3,98,33,1.1585365853658536,0.012195121951219513,False
3,145,6,3.108108108108108,0.010810810810810811,False
3,180,12,8.852971845672576,0.006777893639207508,False
3,61,1,1.1,0.0058823529411764705,False
3,221,12,8.066508313539192,0.005700712589073635,False
4,25,18,4.0,1.0,False
4,147,38,25.057692307692307,1.0,False
4,178,15,10.95625,1.0,False
4,178,16,23.06578947368421,1.0,False
4,178,36,47.37837837837838,1.0,False
4,178,38,33.71153846153846,1.0,False
4,178,52,21.120481927710845,1.0,False
4,202,3,15.706349206349206,1.0,False
4,202,9,14.65925925925926,1.0,False
4,202,12,22.235955056179776,1.0,False
4,202,26,38.80392156862745,1.0,False
4,202,36,53.486486486486484,1.0,False
4,202,51,38.05769230769231,1.0,False
4,202,61,82.45833333333333,1.0,False
4,202,70,89.95454545454545,1.0,False
4,202,84,98.95,1.0,False
4,236,61,12.625,1.0,False
4,255,74,27.75,1.0,False
4,259,74,28.0,1.0,False
4,202,4,10.814207650273223,0.994535519125683,False
4,178,12,19.696629213483146,0.9887640449438202,False
4,255,44,24.666666666666668,0.9722222222222222,False
4,259,44,24.88888888888889,0.9444444444444444,False
4,147,51,25.057692307692307,0.9423076923076923,False
4,255,26,17.41176470588235,0.9411764705882353,False
4,178,88,125.21428571428571,0.9285714285714286,False
4,313,10,5.922200198216055,0.923191278493558,False
4,236,51,5.826923076923077,0.9230769230769231,False
4,259,26,17.568627450980394,0.9215686274509803,False
4,147,12,14.640449438202246,0.9101123595505618,False
4,202,38,38.05769230769231,0.9038461538461539,False
4,259,51,17.23076923076923,0.9038461538461539,False
4,321,10,5.223339160839161,0.8911713286713286,False
4,343,10,2.9780712683777724,0.8759033142287566,True
4,39,18,3.7872340425531914,0.8723404255319149,False
4,178,70,79.68181818181819,0.8636363636363636,False
4,255,31,26.11764705882353,0.8529411764705882,False
4,259,31,26.352941176470587,0.8529411764705882,False
4,147,84,65.15,0.85,False
4,178,84,87.65,0.85,False
4,202,47,25.371794871794872,0.8461538461538461,False
4,34,36,9.243243243243244,0.8378378378378378,False
4,147,4,7.120218579234972,0.8306010928961749,False
4,147,36,35.21621621621622,0.8108108108108109,False
4,53,12,6.898876404494382,0.7865168539325843,False
4,202,52,23.843373493975903,0.7710843373493976,False
4,147,15,8.14375,0.7625,False
4,202,15,12.36875,0.74375,False
4,53,47,7.871794871794871,0.7435897435897436,False
4,171,51,3.3846153846153846,0.7115384615384616,False
4,147,26,25.54901960784314,0.7058823529411765,False
4,134,51,2.0384615384615383,0.6730769230769231,True
4,255,51,17.076923076923077,0.6730769230769231,False
4,34,52,4.120481927710843,0.6506024096385542,False
4,333,10,1.1818631329113924,0.6489319620253164,True
4,322,10,1.1117209302325581,0.645953488372093,True
4,236,9,2.2444444444444445,0.6370370370370371,True
4,147,9,9.651851851851852,0.6222222222222222,False
4,239,3,1.5555555555555556,0.6172839506172839,True
4,178,51,33.71153846153846,0.6153846153846154,False
4,178,47,22.474358974358974,0.6025641025641025,False
4,34,84,17.1,0.6,False
4,64,18,4.9361702127659575,0.5957446808510638,False
4,147,61,54.291666666666664,0.5833333333333334,False
4,171,9,1.3037037037037038,0.5777777777777777,True
4,34,15,2.1375,0.5625,True
4,147,47,16.705128205128204,0.5512820512820513,False
4,178,3,13.912698412698413,0.5396825396825397,False
4,338,10,1.0279545845518665,0.5322552898675382,True
4,255,4,4.852459016393443,0.5191256830601093,False
4,147,52,15.698795180722891,0.5180722891566265,False
4,259,4,4.896174863387978,0.5136612021857924,False
4,121,3,2.4705882352941178,0.5098039215686274,True
4,338,82,11.431661750245821,0.5024582104228122,False
4,202,1,8.874439461883409,0.5022421524663677,False
4,178,4,9.579234972677595,0.4972677595628415,False
4,259,9,6.637037037037037,0.48148148148148145,False
4,255,1,3.9820627802690582,0.4798206278026906,False
4,134,9,1.2735849056603774,0.46226415094339623,False
4,255,9,6.5777777777777775,0.45925925925925926,False
4,100,1,1.8898305084745763,0.4576271186440678,False
4,34,12,3.842696629213483,0.449438202247191,False
4,259,1,4.017937219730942,0.4484304932735426,False
4,117,61,7.166666666666667,0.4166666666666667,False
4,202,74,61.84375,0.40625,False
4,53,15,3.8375,0.4,False
4,117,9,1.2740740740740741,0.4,False
4,25,32,2.351063829787234,0.34574468085106386,False
4,171,38,3.3846153846153846,0.3269230769230769,False
4,236,38,5.826923076923077,0.3269230769230769,False
4,178,9,12.985185185185186,0.32592592592592595,False
4,292,10,6.306596306068601,0.3171503957783641,False
4,53,36,16.594594594594593,0.2702702702702703,False
4,53,52,7.397590361445783,0.26506024096385544,False
4,39,32,2.4831460674157304,0.25280898876404495,False
4,255,3,7.0476190476190474,0.23809523809523808,False
4,259,3,7.111111111111111,0.23809523809523808,False
4,202,56,48.26829268292683,0.21951219512195122,False
4,49,32,2.554913294797688,0.2138728323699422,False
4,49,18,3.6808510638297873,0.19148936170212766,False
4,202,16,26.039473684210527,0.18421052631578946,False
4,236,3,2.4047619047619047,0.15873015873015872,False
4,117,3,1.3650793650793651,0.14285714285714285,False
4,147,3,10.341269841269842,0.14285714285714285,False
4,178,80,79.68181818181819,0.13636363636363635,False
4,171,3,1.3968253968253967,0.12698412698412698,False
4,117,1,1.2965116279069768,0.12209302325581395,False
4,147,1,5.84304932735426,0.1210762331838565,False
4,333,82,9.942969518190758,0.119960668633235,False
4,292,60,55.73529411764706,0.11764705882352941,False
4,255,38,17.076923076923077,0.11538461538461539,False
4,292,82,1.8633235004916422,0.11504424778761062,False
4,134,3,1.1886792452830188,0.11320754716981132,False
4,64,32,1.9051724137931034,0.11206896551724138,False
4,134,4,1.7264150943396226,0.10377358490566038,False
4,239,84,4.05,0.1,False
4,178,56,42.75609756097561,0.0975609756097561,False
4,259,38,17.23076923076923,0.09615384615384616,False
4,34,3,2.7142857142857144,0.09523809523809523,False
4,322,82,10.57030481809243,0.0943952802359882,False
4,236,1,1.358744394618834,0.09417040358744394,False
4,178,17,8.765,0.085,False
4,255,61,37.0,0.08333333333333333,False
4,259,61,37.333333333333336,0.08333333333333333,False
4,34,16,4.5,0.07894736842105263,False
4,53,70,27.90909090909091,0.045454545454545456,False
4,236,4,1.6557377049180328,0.04371584699453552,False
4,53,4,3.3551912568306013,0.01092896174863388,False
4,25,57,3.228723404255319,0.010638297872340425,False
4,39,57,3.4101123595505616,0.0056179775280898875,False
5,12,4,7.647058823529412,1.0,False
5,12,48,43.333333333333336,1.0,False
5,12,49,69.33333333333333,1.0,False
5,37,9,7.22093023255814,1.0,False
5,48,13,11.174311926605505,1.0,False
5,48,20,20.64406779661017,1.0,False
5,48,56,22.145454545454545,1.0,False
5,48,89,38.0625,1.0,False
5,92,4,10.389705882352942,1.0,False
5,92,48,58.875,1.0,False
5,92,49,94.2,1.0,False
5,110,3,5.421276595744681,1.0,False
5,110,80,57.90909090909091,1.0,False
5,110,89,39.8125,1.0,False
5,140,3,7.025531914893617,1.0,False
5,140,9,19.197674418604652,1.0,False
5,140,13,15.146788990825687,1.0,False
5,140,45,50.03030303030303,1.0,False
5,140,56,30.01818181818182,1.0,False
5,140,77,137.58333333333334,1.0,False
5,140,80,75.04545454545455,1.0,False
5,151,45,46.57575757575758,1.0,False
5,151,48,64.04166666666667,1.0,False
5,151,57,56.925925925925924,1.0,False
5,165,56,20.527272727272727,1.0,False
5,165,89,35.28125,1.0,False
5,206,4,22.772058823529413,1.0,False
5,206,10,43.013888888888886,1.0,False
5,206,33,68.82222222222222,1.0,False
5,206,48,129.04166666666666,1.0,False
5,206,49,206.46666666666667,1.0,False
5,206,85,77.425,1.0,False
5,206,87,72.02325581395348,1.0,False
5,206,95,48.390625,1.0,False
5,228,3,9.187234042553191,1.0,False
5,228,9,25.1046511627907,1.0,False
5,228,13,19.807339449541285,1.0,False
5,228,20,36.59322033898305,1.0,False
5,228,45,65.42424242424242,1.0,False
5,228,56,39.25454545454546,1.0,False
5,228,57,79.96296296296296,1.0,False
5,228,77,179.91666666666666,1.0,False
5,228,80,98.13636363636364,1.0,False
5,228,89,67.46875,1.0,False
5,229,13,15.55045871559633,1.0,False
5,229,20,28.728813559322035,1.0,False
5,229,56,30.818181818181817,1.0,False
5,229,57,62.77777777777778,1.0,False
5,229,77,141.25,1.0,False
5,229,80,77.04545454545455,1.0,False
5,229,89,52.96875,1.0,False
5,140,89,51.59375,0.96875,False
5,110,56,23.163636363636364,0.9636363636363636,False
5,151,29,30.137254901960784,0.9607843137254902,False
5,228,29,42.333333333333336,0.9607843137254902,False
5,229,3,7.212765957446808,0.9574468085106383,False
5,151,4,11.301470588235293,0.9558823529411765,False
5,151,20,26.050847457627118,0.9491525423728814,False
5,92,10,19.625,0.9444444444444444,False
5,136,95,6.296875,0.9375,False
5,165,13,10.357798165137615,0.9357798165137615,False
5,206,13,28.412844036697248,0.9357798165137615,False
5,42,11,4.868852459016393,0.9344262295081968,False
5,159,49,23.533333333333335,0.9333333333333333,False
5,110,9,14.813953488372093,0.9302325581395349,False
5,110,13,11.688073394495413,0.926605504587156,False
5,48,57,45.111111111111114,0.9259259259259259,False
5,140,29,32.372549019607845,0.9215686274509803,False
5,24,11,4.491803278688525,0.9180327868852459,False
5,206,9,36.01162790697674,0.9069767441860465,False
5,206,25,25.59504132231405,0.8925619834710744,False
5,206,32,103.23333333333333,0.8666666666666667,False
5,109,80,12.409090909090908,0.8636363636363636,False
5,12,87,24.186046511627907,0.8604651162790697,False
5,229,9,19.709302325581394,0.8604651162790697,False
5,165,3,4.804255319148936,0.8553191489361702,False
5,48,9,14.162790697674419,0.8488372093023255,False
5,12,25,8.59504132231405,0.8429752066115702,False
5,165,77,94.08333333333333,0.8333333333333334,False
5,166,56,1.981818181818182,0.8181818181818182,True
5,136,10,5.597222222222222,0.8055555555555556,False
5,151,49,102.46666666666667,0.8,False
5,228,4,15.875,0.7941176470588235,False
5,206,88,23.111940298507463,0.7686567164179104,False
5,311,7,2.389061224489796,0.7645714285714286,True
5,165,9,13.127906976744185,0.7558139534883721,False
5,37,48,25.875,0.75,False
5,110,77,106.16666666666667,0.75,False
5,123,48,22.833333333333332,0.75,False
5,159,48,14.708333333333334,0.75,False
5,48,3,5.182978723404255,0.7319148936170212,False
5,7,75,2.5652173913043477,0.7282608695652174,True
5,206,93,12.9581589958159,0.7280334728033473,False
5,159,4,2.5955882352941178,0.7279411764705882,True
5,165,80,51.31818181818182,0.7272727272727273,False
5,92,29,27.705882352941178,0.7058823529411765,False
5,37,4,4.5661764705882355,0.6911764705882353,False
5,247,77,29.333333333333332,0.6666666666666666,False
5,165,20,19.135593220338983,0.6610169491525424,False
5,166,89,3.40625,0.65625,False
5,33,11,1.5245901639344261,0.6557377049180327,True
5,151,13,14.100917431192661,0.6422018348623854,False
5,151,9,17.872093023255815,0.6395348837209303,False
5,123,45,16.606060606060606,0.6363636363636364,False
5,123,29,10.745098039215685,0.6274509803921569,False
5,73,11,5.245901639344262,0.6065573770491803,False
5,41,11,1.8524590163934427,0.5901639344262295,True
5,123,9,6.372093023255814,0.5813953488372093,False
5,109,3,1.1617021276595745,0.5574468085106383,True
5,48,80,55.36363636363637,0.5454545454545454,False
5,228,48,89.95833333333333,0.5416666666666666,False
5,57,11,2.2950819672131146,0.5409836065573771,True
5,151,87,35.74418604651163,0.5348837209302325,False
5,283,7,11.7064,0.5344,False
5,123,4,4.029411764705882,0.5220588235294118,False
5,23,11,1.9508196721311475,0.5081967213114754,True
5,206,72,77.425,0.5,False
5,247,80,16.0,0.5,False
5,247,3,1.4978723404255319,0.4553191489361702,False
5,247,56,6.4,0.45454545454545453,False
5,12,9,12.093023255813954,0.45348837209302323,False
5,110,45,38.60606060606061,0.42424242424242425,False
5,48,77,101.5,0.4166666666666667,False
5,83,93,2.8117647058823527,0.4117647058823529,False
5,47,11,3.19672131147541,0.4098360655737705,False
5,228,49,143.93333333333334,0.4,False
5,206,45,93.84848484848484,0.3939393939393939,False
5,136,25,3.330578512396694,0.3884297520661157,False
5,12,29,20.392156862745097,0.37254901960784315,False
5,37,13,5.697247706422019,0.3577981651376147,False
5,151,25,12.702479338842975,0.34710743801652894,False
5,140,20,27.983050847457626,0.3389830508474576,False
5,281,7,22.340458015267174,0.33435114503816793,False
5,92,25,11.677685950413224,0.30578512396694213,False
5,110,20,21.593220338983052,0.3050847457627119,False
5,92,95,22.078125,0.28125,False
5,92,87,32.86046511627907,0.27906976744186046,False
5,37,49,41.4,0.26666666666666666,False
5,92,33,31.4,0.26666666666666666,False
5,13,4,1.4558823529411764,0.25735294117647056,False
5,12,45,31.515151515151516,0.24242424242424243,False
5,24,58,1.489051094890511,0.22262773722627738,False
5,7,40,1.065217391304348,0.21739130434782608,False
5,12,13,9.541284403669724,0.21100917431192662,False
5,12,10,14.444444444444445,0.19444444444444445,False
5,206,73,58.43396226415094,0.18867924528301888,False
5,37,45,18.818181818181817,0.18181818181818182,False
5,47,58,2.0923076923076924,0.13846153846153847,False
5,7,55,1.75,0.13043478260869565,False
5,42,58,1.3737373737373737,0.12794612794612795,False
5,151,10,21.34722222222222,0.125,False
5,92,45,42.81818181818182,0.12121212121212122,False
5,151,89,48.03125,0.09375,False
5,229,45,51.36363636363637,0.09090909090909091,False
5,41,58,3.6106194690265485,0.07964601769911504,False
5,83,85,2.125,0.075,False
5,159,10,4.902777777777778,0.06944444444444445,False
5,92,93,5.912133891213389,0.06276150627615062,False
5,73,58,1.275,0.059375,False
5,229,93,7.092050209205021,0.0502092050209205,False
5,136,87,9.372093023255815,0.046511627906976744,False
5,13,29,3.8823529411764706,0.0392156862745098,False
5,33,58,4.387096774193548,0.021505376344086023,False
5,57,58,2.914285714285714,0.02142857142857143,False
5,151,93,6.430962343096234,0.02092050209205021,False
5,110,29,24.980392156862745,0.0196078431372549,False
5,123,13,5.027522935779817,0.01834862385321101,False
5,228,10,29.98611111111111,0.013888888888888888,False
5,311,28,2.25101065784638,0.009555310547592797,False
5,206,3,13.178723404255319,0.00851063829787234,False
5,228,25,17.84297520661157,0.008264462809917356,False
6,54,72,21.666666666666668,1.0,False
6,55,68,10.693548387096774,1.0,False
6,55,72,24.555555555555557,1.0,False
6,98,43,3.5213675213675213,1.0,False
6,98,50,31.692307692307693,1.0,False
6,101,68,9.17741935483871,1.0,False
6,101,72,21.074074074074073,1.0,False
6,107,63,63.89655172413793,1.0,False
6,107,68,29.887096774193548,1.0,False
6,107,72,68.62962962962963,1.0,False
6,127,75,50.333333333333336,1.0,False
6,142,72,26.25925925925926,1.0,False
6,145,31,33.19607843137255,1.0,False
6,145,34,47.02777777777778,1.0,False
6,145,35,130.23076923076923,1.0,False
6,145,43,28.94017094017094,1.0,False
6,145,50,260.46153846153845,1.0,False
6,145,52,36.02127659574468,1.0,False
6,151,68,14.82258064516129,1.0,False
6,151,72,34.03703703703704,1.0,False
6,161,9,25.77173913043478,1.0,False
6,161,14,33.871428571428574,1.0,False
6,161,35,91.1923076923077,1.0,False
6,161,50,182.3846153846154,1.0,False
6,161,62,57.829268292682926,1.0,False
6,161,63,81.75862068965517,1.0,False
6,161,67,53.88636363636363,1.0,False
6,182,75,36.25,1.0,False
6,183,31,18.068627450980394,1.0,False
6,183,38,33.50909090909091,1.0,False
6,183,75,30.716666666666665,1.0,False
6,213,62,9.951219512195122,1.0,False
6,317,57,629.9047619047619,1.0,False
6,127,20,30.816326530612244,0.9897959183673469,False
6,107,11,10.528409090909092,0.9886363636363636,False
6,161,11,13.471590909090908,0.9886363636363636,False
6,145,62,82.58536585365853,0.975609756097561,False
6,161,21,32.47945205479452,0.9726027397260274,False
6,145,63,116.75862068965517,0.9655172413793104,False
6,182,63,75.0,0.9655172413793104,False
6,127,11,17.15909090909091,0.9602272727272727,False
6,161,43,20.264957264957264,0.9572649572649573,False
6,101,11,3.2329545454545454,0.9375,False
6,127,32,12.03187250996016,0.9243027888446215,False
6,152,50,31.076923076923077,0.9230769230769231,False
6,127,68,48.70967741935484,0.9193548387096774,False
6,183,20,18.806122448979593,0.9183673469387755,False
6,40,8,4.4,0.9058823529411765,False
6,145,20,34.55102040816327,0.8979591836734694,False
6,161,72,87.81481481481481,0.8888888888888888,False
6,31,68,5.790322580645161,0.8870967741935484,False
6,145,67,76.95454545454545,0.8863636363636364,False
6,183,52,19.606382978723403,0.8829787234042553,False
6,151,21,12.58904109589041,0.8767123287671232,False
6,55,11,3.7670454545454546,0.875,False
6,151,11,5.221590909090909,0.875,False
6,161,68,38.24193548387097,0.8709677419354839,False
6,145,21,46.38356164383562,0.863013698630137,False
6,107,32,7.382470119521912,0.8565737051792829,False
6,161,28,26.943181818181817,0.8409090909090909,False
6,11,68,3.9193548387096775,0.8387096774193549,False
6,142,11,4.028409090909091,0.8352272727272727,False
6,31,11,2.039772727272727,0.8068181818181818,True
6,145,75,56.43333333333333,0.7833333333333333,False
6,182,31,21.323529411764707,0.7745098039215687,False
6,107,35,71.26923076923077,0.7692307692307693,False
6,182,20,22.193877551020407,0.7653061224489796,False
6,107,34,25.73611111111111,0.75,False
6,127,34,41.94444444444444,0.75,False
6,316,2,1.6413581300119433,0.7445828356935676,True
6,161,34,32.93055555555556,0.7361111111111112,False
6,152,9,4.391304347826087,0.7282608695652174,False
6,127,63,104.13793103448276,0.7241379310344828,False
6,54,21,8.013698630136986,0.7123287671232876,False
6,107,62,45.19512195121951,0.6829268292682927,False
6,17,8,3.1882352941176473,0.6588235294117647,False
6,152,43,3.452991452991453,0.6581196581196581,False
6,127,35,116.15384615384616,0.6538461538461539,False
6,213,63,14.068965517241379,0.6206896551724138,False
6,145,38,61.56363636363636,0.6181818181818182,False
6,317,2,1.375051975051975,0.6166320166320166,True
6,152,67,9.181818181818182,0.6136363636363636,False
6,182,32,8.665338645418327,0.6095617529880478,False
6,187,32,1.5304878048780488,0.6036585365853658,True
6,127,31,29.607843137254903,0.5980392156862745,False
6,127,72,111.85185185185185,0.5925925925925926,False
6,228,28,1.7954545454545454,0.5909090909090909,True
6,145,9,36.80434782608695,0.5869565217391305,False
6,54,43,5.0,0.5811965811965812,False
6,142,68,11.435483870967742,0.5645161290322581,False
6,291,2,1.5112266112266113,0.5547817047817047,True
6,145,11,19.238636363636363,0.5511363636363636,False
6,298,2,1.2695426195426196,0.5510395010395011,True
6,98,9,4.478260869565218,0.5434782608695652,False
6,183,34,25.59722222222222,0.5277777777777778,False
6,98,67,9.363636363636363,0.5227272727272727,False
6,31,72,13.296296296296296,0.5185185185185185,False
6,42,8,3.9176470588235293,0.5058823529411764,False
6,145,72,125.4074074074074,0.48148148148148145,False
6,145,14,48.371428571428574,0.4714285714285714,False
6,157,28,2.090909090909091,0.4659090909090909,False
6,161,52,25.22340425531915,0.4574468085106383,False
6,151,62,22.414634146341463,0.43902439024390244,False
6,107,21,25.383561643835616,0.4246575342465753,False
6,142,35,27.26923076923077,0.4230769230769231,False
6,11,11,1.3806818181818181,0.4090909090909091,False
6,11,72,9.0,0.4074074074074074,False
6,54,14,8.357142857142858,0.37142857142857144,False
6,157,62,4.487804878048781,0.34146341463414637,False
6,127,52,32.12765957446808,0.32978723404255317,False
6,55,21,9.082191780821917,0.2876712328767123,False
6,142,21,9.712328767123287,0.2876712328767123,False
6,151,14,13.128571428571428,0.22857142857142856,False
6,101,21,7.794520547945205,0.2191780821917808,False
6,173,28,1.6363636363636365,0.20454545454545456,False
6,151,34,12.76388888888889,0.19444444444444445,False
6,213,28,4.636363636363637,0.19318181818181818,False
6,101,34,7.902777777777778,0.18055555555555555,False
6,213,21,5.589041095890411,0.1780821917808219,False
6,127,21,41.36986301369863,0.1643835616438356,False
6,145,28,38.47727272727273,0.1590909090909091,False
6,152,28,4.590909090909091,0.1590909090909091,False
6,145,68,54.61290322580645,0.14516129032258066,False
6,54,68,9.435483870967742,0.12903225806451613,False
6,198,32,1.8326693227091633,0.12749003984063745,False
6,82,32,1.0080321285140563,0.12048192771084337,False
6,54,11,3.3238636363636362,0.11931818181818182,False
6,107,52,19.71276595744681,0.11702127659574468,False
6,142,34,9.847222222222221,0.1111111111111111,False
6,194,32,1.887218045112782,0.09774436090225563,False
6,145,32,13.49003984063745,0.09561752988047809,False
6,317,19,12.658373205741627,0.0861244019138756,False
6,31,21,4.917808219178082,0.0684931506849315,False
6,11,21,3.328767123287671,0.0547945205479452,False
6,182,52,23.138297872340427,0.05319148936170213,False
6,183,32,7.342629482071713,0.043824701195219126,False
6,145,18,29.443478260869565,0.043478260869565216,False
6,157,14,2.6285714285714286,0.04285714285714286,False
6,161,31,23.245098039215687,0.0392156862745098,False
6,166,63,3.2758620689655173,0.034482758620689655,False
6,228,9,1.7173913043478262,0.03260869565217391,False
6,55,34,9.208333333333334,0.027777777777777776,False
6,54,67,13.295454545454545,0.022727272727272728,False
6,182,38,39.54545454545455,0.01818181818181818,False
6,162,19,4.543478260869565,0.017391304347826087,False
6,182,18,18.91304347826087,0.017391304347826087,False
6,213,14,5.828571428571428,0.014285714285714285,False
6,183,11,10.471590909090908,0.005681818181818182,False
7,56,25,43.12328767123287,1.0,False
7,56,65,92.58823529411765,1.0,False
7,63,50,18.5625,1.0,False
7,86,9,6.204081632653061,1.0,False
7,140,9,6.666666666666667,1.0,False
7,140,50,15.3125,1.0,False
7,161,25,40.19178082191781,1.0,False
7,176,25,10.726027397260275,1.0,False
7,197,65,31.470588235294116,1.0,False
7,291,60,52.9,1.0,False
7,58,9,4.510204081632653,0.9931972789115646,False
7,63,9,8.081632653061224,0.9931972789115646,False
7,56,37,23.669172932330827,0.9924812030075187,False
7,298,53,14.074626865671641,0.9850746268656716,False
7,298,50,14.734375,0.984375,False
7,56,36,39.35,0.9625,False
7,58,50,10.359375,0.921875,False
7,161,9,19.959183673469386,0.9115646258503401,False
7,298,43,12.917808219178083,0.8904109589041096,False
7,176,65,23.029411764705884,0.8823529411764706,False
7,181,65,37.411764705882355,0.8823529411764706,False
7,232,65,8.411764705882353,0.8529411764705882,False
7,161,50,45.84375,0.84375,False
7,161,36,36.675,0.8375,False
7,140,43,13.424657534246576,0.8356164383561644,False
7,161,43,40.19178082191781,0.8356164383561644,False
7,161,44,77.21052631578948,0.8157894736842105,False
7,181,36,15.9,0.8125,False
7,298,42,29.46875,0.8125,False
7,181,25,17.424657534246574,0.8082191780821918,False
7,86,38,15.2,0.8,False
7,161,38,48.9,0.8,False
7,185,9,2.4761904761904763,0.7891156462585034,True
7,161,42,91.6875,0.78125,False
7,161,53,43.791044776119406,0.7761194029850746,False
7,161,65,86.29411764705883,0.7352941176470589,False
7,140,38,16.333333333333332,0.7,False
7,161,52,32.96629213483146,0.6966292134831461,False
7,56,44,82.84210526315789,0.6842105263157895,False
7,140,53,14.626865671641792,0.6567164179104478,False
7,298,52,10.595505617977528,0.651685393258427,False
7,197,36,13.375,0.65,False
7,298,9,6.414965986394558,0.6122448979591837,False
7,70,50,2.515625,0.609375,True
7,181,52,14.292134831460674,0.6067415730337079,False
7,63,43,16.273972602739725,0.5753424657534246,False
7,176,36,9.7875,0.575,False
7,5,52,4.820224719101123,0.5168539325842697,False
7,86,50,14.25,0.5,False
7,5,36,5.3625,0.4875,False
7,166,50,2.15625,0.46875,False
7,87,5,2.1805555555555554,0.4513888888888889,False
7,197,52,12.02247191011236,0.449438202247191,False
7,291,7,1.8545135845749343,0.4145486415425066,False
7,57,65,9.470588235294118,0.4117647058823529,False
7,136,65,7.9411764705882355,0.4117647058823529,False
7,314,2,1.7751693002257336,0.40812641083521445,False
7,197,43,14.657534246575343,0.3972602739726027,False
7,57,25,4.410958904109589,0.3835616438356164,False
7,97,5,1.6666666666666667,0.3819444444444444,False
7,100,5,1.0416666666666667,0.3680555555555556,False
7,48,37,3.398496240601504,0.3609022556390977,False
7,56,52,35.37078651685393,0.3595505617977528,False
7,166,9,1.065217391304348,0.34057971014492755,False
7,291,47,5.329974811083123,0.33753148614609574,False
7,101,5,1.6111111111111112,0.3263888888888889,False
7,70,9,1.0952380952380953,0.3197278911564626,False
7,63,52,13.348314606741573,0.3146067415730337,False
7,37,55,2.2209302325581395,0.313953488372093,False
7,43,55,1.127906976744186,0.3023255813953488,False
7,140,11,14.411764705882353,0.29411764705882354,False
7,63,53,17.73134328358209,0.2835820895522388,False
7,161,37,22.06015037593985,0.2781954887218045,False
7,75,5,1.0347222222222223,0.2638888888888889,False
7,303,2,1.4562787639710717,0.2606837606837607,False
7,63,37,8.93233082706767,0.23308270676691728,False
7,232,25,3.9178082191780823,0.2328767123287671,False
7,159,5,1.2972972972972974,0.22522522522522523,False
7,181,44,33.473684210526315,0.21052631578947367,False
7,197,50,16.71875,0.203125,False
7,57,36,4.025,0.1875,False
7,185,50,5.6875,0.1875,False
7,70,43,2.2054794520547945,0.1780821917808219,False
7,87,46,5.508771929824562,0.17543859649122806,False
7,238,7,12.820224719101123,0.16853932584269662,False
7,5,25,5.876712328767123,0.1643835616438356,False
7,161,11,43.14705882352941,0.16176470588235295,False
7,98,5,1.125,0.1484375,False
7,98,46,2.245614035087719,0.14035087719298245,False
7,101,46,4.0701754385964914,0.14035087719298245,False
7,70,53,2.4029850746268657,0.13432835820895522,False
7,86,11,13.411764705882353,0.1323529411764706,False
7,161,56,108.66666666666667,0.1111111111111111,False
7,298,56,34.925925925925924,0.1111111111111111,False
7,136,25,3.6986301369863015,0.1095890410958904,False
7,58,38,11.05,0.1,False
7,63,36,14.85,0.1,False
7,58,43,9.082191780821917,0.0958904109589041,False
7,197,25,14.657534246575343,0.0821917808219178,False
7,291,2,2.093572778827977,0.07041587901701324,False
7,140,52,11.01123595505618,0.06741573033707865,False
7,227,7,17.029850746268657,0.05970149253731343,False
7,295,2,2.7739511584220415,0.050093926111458985,False
7,86,33,8.0,0.043859649122807015,False
7,161,33,25.736842105263158,0.03508771929824561,False
7,228,7,11.885416666666666,0.03125,False
7,58,11,9.75,0.029411764705882353,False
7,176,52,8.797752808988765,0.02247191011235955,False
7,185,43,4.986301369863014,0.0136986301369863,False
7,298,3,1.1283138918345705,0.0010604453870625664,False
8,68,43,51.63636363636363,1.0,False
8,72,43,30.181818181818183,1.0,False
8,101,10,9.110169491525424,1.0,False
8,150,43,39.42424242424242,1.0,False
8,159,43,28.87878787878788,1.0,False
8,173,25,10.444444444444445,1.0,False
8,271,25,320.31111111111113,1.0,False
8,271,27,576.56,1.0,False
8,271,43,436.7878787878788,1.0,False
8,50,39,7.0875,0.975,False
8,271,11,192.18666666666667,0.8533333333333334,False
8,153,43,36.78787878787879,0.8181818181818182,False
8,181,43,36.09090909090909,0.8181818181818182,False
8,142,39,4.475,0.8,False
8,143,39,7.875,0.8,False
8,264,11,37.16,0.7866666666666666,False
8,252,11,94.30666666666667,0.6933333333333334,False
8,279,11,83.89333333333333,0.68,False
8,68,39,21.3,0.6625,False
8,271,12,119.12396694214875,0.628099173553719,False
8,271,10,13.408372093023257,0.5832558139534884,False
8,271,24,360.35,0.55,False
8,126,26,9.277777777777779,0.5,False
8,271,3,18.86649214659686,0.46465968586387435,False
8,117,26,6.222222222222222,0.4444444444444444,False
8,68,36,36.255319148936174,0.425531914893617,False
8,271,2,2.753916698509744,0.41058463889950325,False
8,271,38,128.69642857142858,0.39285714285714285,False
8,273,11,9.346666666666666,0.38666666666666666,False
8,214,2,37.385714285714286,0.37857142857142856,False
8,252,24,176.825,0.35,False
8,279,2,1.2021398547955675,0.3450515857852503,False
8,158,43,36.666666666666664,0.3333333333333333,False
8,150,36,27.680851063829788,0.2765957446808511,False
8,143,38,5.625,0.26785714285714285,False
8,33,39,4.0,0.25,False
8,173,3,1.625531914893617,0.23829787234042554,False
8,264,2,1.8780050233225691,0.21743810548977396,False
8,252,2,1.3513565150936186,0.19144058081773022,False
8,273,2,7.466476462196861,0.16405135520684735,False
8,271,29,137.27619047619046,0.13333333333333333,False
8,106,26,7.055555555555555,0.1111111111111111,False
8,154,26,5.944444444444445,0.1111111111111111,False
8,173,12,3.884297520661157,0.10743801652892562,False
8,159,36,20.27659574468085,0.10638297872340426,False
8,271,22,165.67816091954023,0.05747126436781609,False
8,279,29,59.923809523809524,0.0380952380952381,False
8,50,36,12.063829787234043,0.02127659574468085,False
8,252,10,6.57953488372093,0.01953488372093023,False
8,252,29,67.36190476190477,0.01904761904761905,False
8,271,21,156.67391304347825,0.010869565217391304,False
9,21,30,28.471698113207548,1.0,False
9,75,30,29.39622641509434,0.9811320754716981,False
9,164,30,29.39622641509434,0.9622641509433962,False
9,140,30,16.867924528301888,0.9433962264150944,False
9,51,30,6.7924528301886795,0.7735849056603774,False
9,276,34,276.5,0.75,False
9,286,34,278.65,0.75,False
9,294,34,470.95,0.75,False
9,272,34,258.1,0.7,False
9,280,34,307.05,0.7,False
9,294,1,1.2783659066232356,0.2912595005428882,False
9,276,1,1.332368896925859,0.2629294755877034,False
9,272,1,1.4273537388609066,0.2576520728399845,False
9,286,1,1.3220886416651714,0.25515880136371794,False
9,288,1,4.3087719298245615,0.21637426900584794,False
9,294,8,7.935130581297388,0.18028643639427128,False
9,280,1,1.1998045920859794,0.1709819247679531,False
9,10,30,3.547169811320755,0.11320754716981132,False
9,280,8,5.173546756529065,0.09519797809604044,False
9,147,30,19.69811320754717,0.018867924528301886,False
10,298,2,17.346448087431693,0.8721311475409836,False
10,297,2,22.936416184971097,0.7528901734104047,False
10,302,2,8.447046301224056,0.613092070250133,False
10,147,25,5.738970588235294,0.5110294117647058,False
10,309,2,2.3337744449345683,0.4058226731363035,False
10,325,2,2.337555228276878,0.3930780559646539,False
10,309,6,9.445833333333333,0.38055555555555554,False
10,321,2,2.4486269669854983,0.3431039802530083,False
10,65,25,1.5451633568225496,0.3299167200512492,False
10,90,25,7.328638497652582,0.22065727699530516,False
10,90,24,1.6771653543307086,0.18110236220472442,False
10,321,6,9.002777777777778,0.12777777777777777,False
10,325,6,9.430555555555555,0.08333333333333333,False
10,309,19,64.77142857142857,0.0761904761904762,False
10,67,25,2.0953020134228186,0.04161073825503356,False
11,298,1,6.815698677400805,0.8677400805060379,False
11,296,1,113.42105263157895,0.8516746411483254,False
11,299,1,6.457368564423863,0.7357668210296922,False
11,290,1,6.438077131993482,0.7189027702335687,False
11,302,1,3.9760147601476015,0.6021469305602147,False
11,10,21,13.176470588235293,0.38235294117647056,False
11,10,1,26.456473214285715,0.005580357142857143,False
11,142,1,15.62623599208965,0.005273566249176005,False
12,365,2,13.72891942535915,0.9281698938163647,False
12,357,2,15.824334053275738,0.9085673146148309,False
12,375,2,14.585268745852687,0.8752488387524884,False
12,382,2,10.501672240802675,0.8552317247969422,False
12,383,2,10.027372262773723,0.8503649635036497,False
12,371,2,3.74573960463531,0.6956373551465576,False
12,368,2,6.4062955406587,0.6785193821043427,False
12,381,2,7.972433804860356,0.621690243017773,False
12,377,2,13.867507886435332,0.6138801261829653,False
12,357,6,2.550755939524838,0.11087113030957524,False
12,365,6,2.212991880074953,0.10306058713304185,False
12,375,6,2.351028533510285,0.09422694094226941,False
12,381,6,1.2850924918389555,0.07689517591585056,False
12,382,6,1.6927854753941711,0.06975633062589584,False
12,383,6,1.6163321167883211,0.0625,False
12,371,6,1.6562235393734124,0.05842506350550381,False
12,368,6,1.0326435441562227,0.048090935587292334,False
12,377,6,2.2353312302839115,0.03974763406940063,False
